{"cameraMode":{"drawMode":0,"name":"Shaded","section":"Shading Mode"},"sceneLighting":true,"audioPlay":false,"sceneViewState":{"m_AlwaysRefresh":false,"showFog":true,"showSkybox":true,"showFlares":true,"showImageEffects":true,"showParticleSystems":true,"showVisualEffectGraphs":true,"m_FxEnabled":true},"in2DMode":false,"pivot":{"x":-7.794064998626709,"y":-1.4499707221984864,"z":1.8901816606521607},"rotation":{"x":0.20372724533081056,"y":-0.07627665996551514,"z":0.01592303067445755,"w":0.9759219884872437},"size":25.62150764465332,"orthographic":true}