{"cameraMode":{"drawMode":0,"name":"Shaded","section":"Shading Mode"},"sceneLighting":true,"audioPlay":false,"sceneViewState":{"m_AlwaysRefresh":false,"showFog":true,"showSkybox":true,"showFlares":true,"showImageEffects":true,"showParticleSystems":true,"showVisualEffectGraphs":true,"m_FxEnabled":true},"in2DMode":false,"pivot":{"x":181.92669677734376,"y":228.2887420654297,"z":-318.7642822265625},"rotation":{"x":0.24174897372722627,"y":-0.27624213695526125,"z":0.07200946658849716,"w":0.9273970127105713},"size":40.31818771362305,"orthographic":true}