{"cameraMode":{"drawMode":0,"name":"Shaded","section":"Shading Mode"},"sceneLighting":true,"audioPlay":false,"sceneViewState":{"m_AlwaysRefresh":false,"showFog":true,"showSkybox":true,"showFlares":true,"showImageEffects":true,"showParticleSystems":true,"showVisualEffectGraphs":true,"m_FxEnabled":true},"in2DMode":false,"pivot":{"x":1.1938345432281495,"y":20.41155242919922,"z":-20.566421508789064},"rotation":{"x":0.19647015631198884,"y":0.04851191118359566,"z":-0.009732979349792004,"w":0.9792727828025818},"size":28.685304641723634,"orthographic":true}