{"cameraMode":{"drawMode":0,"name":"Shaded","section":"Shading Mode"},"sceneLighting":false,"audioPlay":false,"sceneViewState":{"m_AlwaysRefresh":false,"showFog":false,"showSkybox":false,"showFlares":false,"showImageEffects":false,"showParticleSystems":false,"showVisualEffectGraphs":true,"m_FxEnabled":true},"in2DMode":false,"pivot":{"x":-0.01110762357711792,"y":-0.006572194863110781,"z":0.02040332928299904},"rotation":{"x":0.023862594738602639,"y":-0.9114155173301697,"z":0.0533749982714653,"w":0.4073323905467987},"size":0.038233812898397449,"orthographic":false}