{"cameraMode":{"drawMode":0,"name":"Shaded","section":"Shading Mode"},"sceneLighting":true,"audioPlay":false,"sceneViewState":{"m_AlwaysRefresh":false,"showFog":true,"showSkybox":true,"showFlares":true,"showImageEffects":true,"showParticleSystems":true,"showVisualEffectGraphs":true,"m_FxEnabled":true},"in2DMode":false,"pivot":{"x":0.7958757877349854,"y":4.634376049041748,"z":9.274687767028809},"rotation":{"x":0.021536419168114663,"y":-0.8886550664901733,"z":0.4562337398529053,"w":0.04187445715069771},"size":38.604644775390628,"orthographic":true}