{"cameraMode":{"drawMode":0,"name":"Shaded","section":"Shading Mode"},"sceneLighting":true,"audioPlay":false,"sceneViewState":{"m_AlwaysRefresh":false,"showFog":true,"showSkybox":true,"showFlares":true,"showImageEffects":true,"showParticleSystems":true,"showVisualEffectGraphs":true,"m_FxEnabled":true},"in2DMode":false,"pivot":{"x":91.77562713623047,"y":-167.37107849121095,"z":-145.17501831054688},"rotation":{"x":-0.09513124078512192,"y":-0.8944242000579834,"z":0.3726947009563446,"w":-0.22827957570552827},"size":166.96786499023438,"orthographic":false}