{"cameraMode":{"drawMode":0,"name":"Shaded","section":"Shading Mode"},"sceneLighting":false,"audioPlay":false,"sceneViewState":{"m_AlwaysRefresh":false,"showFog":false,"showSkybox":false,"showFlares":false,"showImageEffects":false,"showParticleSystems":false,"showVisualEffectGraphs":true,"m_FxEnabled":true},"in2DMode":false,"pivot":{"x":-0.02660888060927391,"y":0.021469280123710634,"z":-0.049919307231903079},"rotation":{"x":0.00043816209654323757,"y":-0.995945394039154,"z":0.08987699449062348,"w":0.004772257525473833},"size":0.07249535620212555,"orthographic":false}